<?xml version="1.0" encoding="UTF-8"?>
<project-private xmlns="http://www.netbeans.org/ns/project-private/1">
    <editor-bookmarks xmlns="http://www.netbeans.org/ns/editor-bookmarks/2" lastBookmarkId="0"/>
    <open-files xmlns="http://www.netbeans.org/ns/projectui-open-files/2">
        <group>
            <file>file:/C:/xampp/htdocs/kornuit/kornuitphp/presentation/addpost.php</file>
            <file>file:/C:/xampp/htdocs/kornuit/kornuitphp/index.php</file>
            <file>file:/C:/xampp/htdocs/kornuit/kornuitphp/business/newspostservice.php</file>
            <file>file:/C:/xampp/htdocs/kornuit/kornuitphp/css/layout.css</file>
            <file>file:/C:/xampp/htdocs/kornuit/kornuitphp/presentation/homepage.php</file>
            <file>file:/C:/xampp/htdocs/kornuit/kornuitphp/data/newspostDAO.php</file>
            <file>file:/C:/xampp/htdocs/kornuit/kornuitphp/presentation/locked/randompictures.php</file>
            <file>file:/C:/xampp/htdocs/kornuit/kornuitphp/presentation/viewpost.php</file>
            <file>file:/C:/xampp/htdocs/kornuit/kornuitphp/presentation/visie.php</file>
            <file>file:/C:/xampp/htdocs/kornuit/kornuitphp/presentation/editpost.php</file>
        </group>
    </open-files>
</project-private>
